{"access_your_emai":"Access your email to recover your password","acess_control_panel":"To access your control panel, use the registered email and password to register the monitored cell phone. This registration must be performed directly on the cell phone that you will monitor.","ambient_disabled":"The listening request from the environment is disabled.","ambient_not_found":"It was not possible to find ambient listening. Refresh the page and try again.","ambient_not_possible_request":"It was not possible to request ambient listening.","ambient_request_canceled":"Listening environment request canceled.","ambient_request_successfully":"Your ambient listening request has been successfully requested.","attention_audio":"Attention: when deleting an audio it will not be possible to recover it.","changes_done":"Data was successfully updated!","change_pass":"You must need to change your Password","change_successfully_device":"Device exchange can now be successfully performed","confirm":"The administrator has already received your registration. It will soon release access for you!","confirm_delete_audio":"Are you sure you want to delete this audio?","confirm_device_exchange":"This procedure is recommended if you want to install and configure Ti Monitor Mobile on another mobile device. All data in this report will be reset to zero and monitoring will begin with data from the new device.You must perform a new installation on the new device to be monitored.","confirm_new_password":"Confirm new password","confirm_remove":"Are you sure you want to remove?","connection_application ":"The connection to the application has already been made, wait a little longer ...","couldnt_delete":"Couldn't delete","created_new_pass":"CLICK HERE TO CREATE A NEW PASSWORD","csrf":"Error sending, please use the form","current_pass":"Please enter your current Password","date_invalid":"The start date cannot be later than the end date","delete_fail":"There was an error removing","email":"Please enter a valid email","email_not":"The email you entered is not registered","email_recover_not":"Password recovery email not found","email_registered":"The email you entered is already registered","expired_time":"The time is over! please try again later, thanks.","get_started":"Fill in all the data to create your access","insert_done":"Data entered successfully!","insert_fail":"Error when registering, check data","insert_license":"Insert a license","invalid_code":"Oops! The verification code is not valid","invalid_email":"Please enter a valid email","invalid_file":"The file you selected is invalid","invalid_group":"Group or Route not found","invalid_report":"Report not found","larger_file":"The file is larger than allowed","license_is_registered":"Typed license is already registered","license_not":"The license was not found","license_not_found":"The entered license was not found","license_successfully":"The license was successfully updated.","login":"Login to access","login_fail":"Oops! Incorrect Login or Password!","logout":"Logged out successfully","maintenance":"Oops! We are under maintenance!","maintenance_msg":"We are working on improving the system, we\u2019ll be back soon, Thanks for understanding.","name":"Please enter your correct Name","name_email_pass_required":"Name, Email and Password are required","new_password":"Enter and repeat the new password to regain your access","new_pass_done":"Password changed successfully. Let's log in?","new_pass_done_email":"All right! Access your email to recover your password","new_pass_fail":"There was an error updating your password!","not_find_user":"Could not find user","not_found":"This link you are looking for does not exist","not_request":"If you did not request it, please ignore the email. Your data remains secure.","no_changes_done":"You need to change the information above to save!","no_data_found":"No data found","no_data_sent":"No data sent!","no_zipcode":"Zipcode not found","page_not_exist":"This page does not exist","page_not_implemented":"This page has not been implemented !.","page_not_load":"It was not possible to load this page!","password":"Please enter your Password","password_6_characters.":"The password must contain at least 6 characters","password_insert":"Fill in the new password","password_len":"Your password must contain between {minlen} and {maxlen} characters","password_recovery":"You are receiving this email because password recovery was requested on the {site} website.","password_updated_successfully":"Password updated successfully","pass_invalid":"The password entered is not valid","pass_not_match":"The passwords do not match","progress_in_ambient":"Your ambient listening request is in progress. Communication between the Report Center and the monitored device can take 3 to 5 minutes to generate ambient audio, depending on the internet signal on the monitored device","register_license":"We verify on the system that you are unlicensed. In order for you to enjoy all the functions, we need you to register a license.","removed":"Data removed successfully!","renove_license":"We verify in the system that your license has expired. In order for you to enjoy all the functions, we need you to renew a license.","reports_not_found":"The report was not found","request_in_progress":"Request in progress","required_all":"Fill in all fields to continue","reset_password":"Enter your email to reset your password.","restrict":"You dont have permission to access","retrieve_password_access":"Retrieve your password to access :: {site}","route_exist":"This route or url already exists","send_forget_email":"<h2>Lost your password {{first_name}}?<\/h2>\r\n<p>You are receiving this email because password recovery was requested on the <b>{{site_name}}<\/b>. <\/p>\r\n<p><a title='Recover Password' href='{{forget_link}}'>CLICK HERE TO CREATE A NEW PASSWORD <\/a> <\/p>\r\n<p class=\"red\"><b>IMPORTANT: <\/b>If you did not request it, please ignore this email. Your data remains secure.<\/p>","successfully_deleted":"Successfully deleted","time_expired":"Time expired! please try again later, thanks.","update_fail":"Error updating, check data","upload_fail":"Error sending file","user_added":"User added successfully!","user_empty":"Please inform an user to continue"}