{"access_your_emai":"Accede a tu correo electr\u00f3nico para recuperar tu contrase\u00f1a","acess_control_panel":"Para acceder a su panel de control, use el correo electr\u00f3nico y la contrase\u00f1a registrados para registrar el tel\u00e9fono celular monitoreado. Este registro debe realizarse directamente en el tel\u00e9fono celular que monitorear\u00e1.","ambient_disabled":"La solicitud de escucha del entorno est\u00e1 deshabilitada.","ambient_not_found":"No fue posible encontrar la escucha ambiental. Actualice la p\u00e1gina y vuelva a intentarlo.","ambient_not_possible_request":"No fue posible solicitar la escucha ambiental.","ambient_request_canceled":"Solicitud de entorno de escucha cancelada.","ambient_request_successfully":"Su solicitud de escucha ambiental se ha solicitado correctamente.","attention_audio":"Atenci\u00f3n: al eliminar un audio no ser\u00e1 posible recuperarlo.","changes_done":"Los datos se actualizaron con \u00e9xito","change_pass":"Debes cambiar tu contrase\u00f1a","change_successfully_device":"El intercambio de dispositivos ahora se puede realizar con \u00e9xito","confirm":"El administrador ya ha recibido su registro. \u00a1Pronto lanzar\u00e1 acceso para usted!","confirm_delete_audio":"\u00bfEst\u00e1s seguro de que deseas eliminar este audio?","confirm_device_exchange":"\r\nSe recomienda este procedimiento si desea instalar y configurar Ti Monitor Mobile en otro dispositivo m\u00f3vil.\r\nTodos los datos de este informe se restablecer\u00e1n a cero y el monitoreo comenzar\u00e1 con los datos del nuevo dispositivo.\r\nDebe realizar una nueva instalaci\u00f3n en el nuevo dispositivo a monitorear.","confirm_new_password":"Confirmar nueva contrase\u00f1a","confirm_remove":"\u00bfEst\u00e1s seguro de que desea eliminar?","connection_application ":"\r\nLa conexi\u00f3n a la aplicaci\u00f3n ya se ha realizado, espera un poco m\u00e1s ...","couldnt_delete":"No se pudo borrar","created_new_pass":"HAGA CLIC AQU\u00cd PARA CREAR UNA NUEVA CONTRASE\u00d1A","csrf":"Error al enviar, utilice el formulario","current_pass":"Por favor ingrese su contrase\u00f1a actual","date_invalid":"La fecha de inicio no puede ser posterior a la fecha de finalizaci\u00f3n","delete_fail":"Hubo un error al eliminar","email":"Por favor introduzca un correo electr\u00f3nico v\u00e1lido","email_not":"El correo electr\u00f3nico que ingres\u00f3 no est\u00e1 registrado","email_recover_not":"Correo electr\u00f3nico de recuperaci\u00f3n de contrase\u00f1a no encontrado","email_registered":"El correo electr\u00f3nico que ingres\u00f3 ya est\u00e1 registrado","expired_time":"Se acab\u00f3 el tiempo! Int\u00e9ntelo de nuevo m\u00e1s tarde, gracias.","get_started":"Complete todos los datos para crear su acceso","insert_done":"Datos ingresados con \u00e9xito!","insert_fail":"Error al registrarse, verificar datos","insert_license":"Ingrese una licencia","invalid_code":"El c\u00f3digo de verificaci\u00f3n no es v\u00e1lido.","invalid_email":"Por favor introduzca un correo electr\u00f3nico v\u00e1lido","invalid_file":"El archivo que seleccionaste no es v\u00e1lido","invalid_group":"Grupo o ruta no encontrada","invalid_report":"Informe no encontrado","larger_file":"The file is larger than allowed","license_is_registered":"La licencia mecanografiada ya est\u00e1 registrada","license_not":"No se encontr\u00f3 la licencia","license_not_found":"No se encontr\u00f3 la licencia ingresada","license_successfully":"La licencia se actualiz\u00f3 correctamente.","login":"Iniciar sesi\u00f3n para acceder","login_fail":"Usuario o contrase\u00f1a incorrecta","logout":"Has terminado tu sesion satisfactoriamente","maintenance":"\u00a1Ups! \u00a1Estamos en Mantenimiento!","maintenance_msg":"Estamos trabajando para mejorar el sistema. Volveremos pronto. Gracias por tu comprensi\u00f3n.","name":"Por favor ingrese su nombre correcto","name_email_pass_required":"Nombre, correo electr\u00f3nico y contrase\u00f1a son obligatorios","new_password":"Ingrese y repita la nueva contrase\u00f1a para recuperar su acceso","new_pass_done":"Contrase\u00f1a alterada con \u00e9xito. \u00bfIniciamos sesi\u00f3n?","new_pass_done_email":"\u00a1Todo cierto! Acceda a su correo electr\u00f3nico para recuperar su contrase\u00f1a","new_pass_fail":"Hubo un error al actualizar su contrase\u00f1a","not_find_user":"No se pudo encontrar la usuario","not_found":"Este enlace que busca no existe","not_request":"Si no lo solicit\u00f3, ignore el correo electr\u00f3nico. Tus datos permanecen seguros.","no_changes_done":"Necesita cambiar la informaci\u00f3n arriba para guardar","no_data_found":"No se encontr\u00f3 informaci\u00f3n","no_data_sent":"No hay datos enviados","no_zipcode":"C\u00f3digo postal no encontrado","page_not_exist":"Esta p\u00e1gina no existe","page_not_implemented":"\u00a1Esta p\u00e1gina no ha sido implementada!","page_not_load":"\u00a1No fue posible cargar esta p\u00e1gina!","password":"Por favor, introduzca su contrase\u00f1a","password_6_characters.":"La contrase\u00f1a debe contener al menos 6 caracteres","password_insert":"Ingrese la nueva contrase\u00f1a","password_len":"Su contrase\u00f1a debe contener entre {minlen} y {maxlen} caracteres","password_recovery":"Recibi\u00f3 este correo electr\u00f3nico porque se solicit\u00f3 la recuperaci\u00f3n de la contrase\u00f1a en el sitio web de {site}.","password_updated_successfully":"Contrase\u00f1a actualizada exitosamente","pass_invalid":"La contrase\u00f1a ingresada no es v\u00e1lida","pass_not_match":"Las contrase\u00f1as no son id\u00e9nticas","progress_in_ambient":"Tu solicitud de escucha ambiental est\u00e1 en curso. La comunicaci\u00f3n entre el Centro de informes y el dispositivo monitoreado puede tomar de 3 a 5 minutos para generar audio ambiental, dependiendo de la se\u00f1al de Internet en el dispositivo monitoreado.","register_license":"Verificamos en el sistema que no tiene licencia. Para que pueda disfrutar de todas las funciones, es necesario que registre una licencia.","removed":"\u00a1Datos eliminados con \u00e9xito!","renove_license":"Verificamos en el sistema que su licencia ha caducado. Para que pueda disfrutar de todas las funciones, es necesario que renueve una licencia.","reports_not_found":"No se encontr\u00f3 el informe","request_in_progress":"Solicitud en curso","required_all":"Complete todos los campos para continuar","reset_password":"Ingrese su correo electr\u00f3nico para restablecer su contrase\u00f1a.","restrict":"No tienes permiso para acceder","retrieve_password_access":"Recupera tu contrase\u00f1a para acceder :: {site}","route_exist":"Esta ruta o url ya existe","send_forget_email":"<h2>\u00bfPerdi\u00f3 su contrase\u00f1a {{first_name}}?<\/h2>\r\n<p>Est\u00e1 recibiendo este correo electr\u00f3nico porque se solicit\u00f3 la recuperaci\u00f3n de la contrase\u00f1a para <b>{{site_name}}<\/b>.<\/p>\r\n<p><a title='Recuperar contrase\u00f1a' href='{{forget_link}}'>HAGA CLIC AQU\u00cd PARA CREAR UNA NUEVA CONTRASE\u00d1A<\/a><\/p>\r\n<p class=\"red\"><b>IMPORTANTE: <\/b>Si no lo solicit\u00f3, ignore el correo electr\u00f3nico. Sus datos permanecen seguros.<\/p>","successfully_deleted":"Eliminado con \u00e9xito","time_expired":"Se acab\u00f3 el tiempo! Vuelve a intentarlo m\u00e1s tarde, gracias.","update_fail":"Error al actualizar, verificar datos","upload_fail":"Error al enviar el archivo","user_added":"Usuario agregado con \u00e9xito!","user_empty":"Informe un usuario para continuar"}