{"access_your_emai":"Acesse seu e-mail para recuperar sua senha","acess_control_panel":"Para acessar seu painel de controle, utilize o email e senha cadastrados para registrar o celular monitorado. Este cadastro deve ser realizado diretamente no celular que voc\u00ea ir\u00e1 monitorar.","ambient_disabled":"A solicita\u00e7\u00e3o de escuta do ambiente est\u00e1 desabilitada.","ambient_not_found":"N\u00e3o foi poss\u00edvel encontrar a escuta ambiente. Atualize a p\u00e1gina e tente novamente.","ambient_not_possible_request":"N\u00e3o foi poss\u00edvel solicitar escuta ambiente.","ambient_request_canceled":"Solicita\u00e7\u00e3o de escuta ambiente cancelada.","ambient_request_successfully":"Sua solicita\u00e7\u00e3o de escuta ambiente foi solicitada com sucesso.","attention_audio":"Aten\u00e7\u00e3o: ao apagar um \u00e1udio n\u00e3o ser\u00e1 poss\u00edvel recuper\u00e1-lo.","changes_done":"Dados atualizados com sucesso!","change_pass":"Voc\u00ea precisa alterar sua senha","change_successfully_device":"A troca de dispositivo agora pode ser realizada com sucesso","confirm":"O administrador j\u00e1 recebeu o seu cadastro. Em breve ele libera o acesso para voc\u00ea!","confirm_delete_audio":"Tem certeza de que deseja excluir este \u00e1udio?","confirm_device_exchange":"\r\nEste procedimento \u00e9 recomendado se voc\u00ea deseja instalar e configurar o Ti Monitor Mobile em outro dispositivo m\u00f3vel.\r\nTodos os dados neste relat\u00f3rio ser\u00e3o zerados e o monitoramento come\u00e7ar\u00e1 com os dados do novo dispositivo.\r\nVoc\u00ea deve realizar uma nova instala\u00e7\u00e3o no novo dispositivo a ser monitorado.","confirm_new_password":"Confirme a nova senha","confirm_remove":"Tem certeza que deseja remover?","connection_application ":" A conex\u00e3o com a aplicativo j\u00e1 foi realizada, aguarde mais um pouco...","couldnt_delete":"N\u00e3o foi poss\u00edvel apagar","created_new_pass":"CLIQUE AQUI PARA CRIAR UMA NOVA SENHA","csrf":"Erro ao enviar, favor use o formul\u00e1rio","current_pass":"Informe sua senha atual","date_invalid":"A data de in\u00edcio n\u00e3o pode ser posterior \u00e0 data de t\u00e9rmino","delete_fail":"Houve algum erro ao remover","email":"Informe um email v\u00e1lido","email_not":"O e-mail informado n\u00e3o est\u00e1 cadastrado","email_recover_not":"O email para recupera\u00e7\u00e3o de senha n\u00e3o foi encontrado","email_registered":"O e-mail informado j\u00e1 est\u00e1 cadastrado","expired_time":"O tempo expirou! por favor, tente novamente mais tarde, obrigado.","get_started":"Preencha todos os dados para criar seu acesso","insert_done":"Dados inseridos com sucesso!","insert_fail":"Erro ao cadastrar, verifique os dados","insert_license":"Insira uma licen\u00e7a","invalid_code":"Ops! O c\u00f3digo de verifica\u00e7\u00e3o n\u00e3o \u00e9 v\u00e1lido","invalid_email":"Informe um email v\u00e1lido","invalid_file":"O arquivo que voc\u00ea selecionou \u00e9 inv\u00e1lido","invalid_group":"Grupo ou Rota n\u00e3o encontrada","invalid_report":"Relat\u00f3rio n\u00e3o encontrado","larger_file":"O arquivo \u00e9 maior do que o permitido","license_is_registered":"A licen\u00e7a digitada j\u00e1 est\u00e1 registrada","license_not":"A licen\u00e7a n\u00e3o foi encontrada","license_not_found":"A licen\u00e7a inserida n\u00e3o foi encontrada","license_successfully":"A licen\u00e7a foi atualizada com sucesso.","login":"Fa\u00e7a login para acessar","login_fail":"Ops! Usu\u00e1rio ou Senha incorreto!","logout":"Logout efetuado com sucesso","maintenance":"Ops! Estamos em manuten\u00e7\u00e3o!","maintenance_msg":"Estamos trabalhando para melhorar o sistema. Estaremos de volta em breve. Obrigado pela compreens\u00e3o.","name":"Preencha com o nome correto","name_email_pass_required":"Nome, Email e Senha s\u00e3o obrigat\u00f3rios","new_password":"Digite e repita a nova senha para recuperar seu acesso","new_pass_done":"Senha alterada com sucesso. Vamos logar?","new_pass_done_email":"Tudo certo! Acesse seu email para recuperar a senha","new_pass_fail":"Ocorreu um erro ao atualizar sua senha!","not_find_user":"N\u00e3o foi poss\u00edvel encontrar o usu\u00e1rio","not_found":"Esse link que voc\u00ea est\u00e1 buscando n\u00e3o existe","not_request":"Se voc\u00ea n\u00e3o solicitou, ignore o e-mail. Seus dados permanecem seguros.","no_changes_done":"Voc\u00ea precisa alterar as informa\u00e7\u00f5es acima para salvar!","no_data_found":"Nenhuma informa\u00e7\u00e3o foi encontrada","no_data_sent":"Nenhuma informa\u00e7\u00e3o enviada","no_zipcode":"CEP n\u00e3o encontrado","page_not_exist":"Esta p\u00e1gina n\u00e3o existe","page_not_implemented":"Esta p\u00e1gina n\u00e3o foi implementada!","page_not_load":"N\u00e3o foi poss\u00edvel carregar esta p\u00e1gina!","password":"Informe sua senha","password_6_characters.":"A senha deve conter pelo menos 6 caracteres","password_insert":"Preencha a nova senha","password_len":"Sua senha deve conter entre {minlen} e {maxlen} caracteres","password_recovery":"Voc\u00ea est\u00e1 recebendo este e-mail porque a recupera\u00e7\u00e3o da senha foi solicitada no site da {site}.","password_updated_successfully":"Senha atualizada com sucesso","pass_invalid":"A senha informada n\u00e3o \u00e9 v\u00e1lida","pass_not_match":"As senhas n\u00e3o s\u00e3o id\u00eanticas","progress_in_ambient":"Sua solicita\u00e7\u00e3o de escuta ambiente est\u00e1 em andamento. A comunica\u00e7\u00e3o entre a Central de relat\u00f3rios e o dispositivo monitorado pode levar de 3 a 5 minutos para gerar \u00e1udio ambiente, dependendo do sinal de internet no dispositivo monitorado","register_license":"Verificamos no sistema que voc\u00ea est\u00e1 sem licen\u00e7a. Para que voc\u00ea possa desfrutar de todas as fun\u00e7\u00f5es, precisamos que voc\u00ea registre uma licen\u00e7a.","removed":"Dados removidos com sucesso!","renove_license":"Verificamos no sistema se sua licen\u00e7a expirou. Para que voc\u00ea possa desfrutar de todas as fun\u00e7\u00f5es, precisamos que voc\u00ea renove uma licen\u00e7a.","reports_not_found":"O relat\u00f3rio n\u00e3o foi encontrado","request_in_progress":"Solicita\u00e7\u00e3o em andamento","required_all":"Preencha todos os campos para continuar","reset_password":"Insira seu e-mail para redefinir sua senha.","restrict":"Voc\u00ea n\u00e3o tem permiss\u00e3o de acesso","retrieve_password_access":"Recupere sua senha para acessar :: {site}","route_exist":"Esta rota ou url ja existe","send_forget_email":"<h2>Perdeu sua senha {{first_name}}?<\/h2>\r\n<p>Voc\u00ea est\u00e1 recebendo este e-mail pois foi solicitado a recupera\u00e7\u00e3o de senha do <b>{{site_name}}<\/b>.<\/p>\r\n<p><a title='Recuperar Senha' href='{{forget_link}}'>CLIQUE AQUI PARA CRIAR UMA NOVA SENHA<\/a><\/p>\r\n<p class=\"red\"><b>IMPORTANTE: <\/b>Se n\u00e3o foi voc\u00ea que solicitou ignore o e-mail. Seus dados permanecem seguros.<\/p>","successfully_deleted":"Exclu\u00eddo com sucesso","time_expired":"Tempo expirado! por favor, tente novamente mais tarde, obrigado.","update_fail":"Erro ao atualizar, verifique os dados","upload_fail":"Erro ao enviar o arquivo","user_added":"Usu\u00e1rio adicionado com sucesso!","user_empty":"Informe um usu\u00e1rio para continuar"}